City,Category,PlaceName,Description
Abbottabad,Food,Ilyasi Pakora,Famous spicy fritters sold near the Ilyasi Mosque
Abbottabad,Nature,Ilyasi Mosque,Historic mosque built over a natural water spring
Abbottabad,Nature,Shimla Hill,Offers panoramic views of the entire city and pine forests
Abbottabad,Nature,Thandiani,High-altitude hill station known for cold weather
Attock,Food,Mahi Farosh Fish,Traditional fried fish from the Indus river crossing
Attock,Historical,Attock Fort,Built by Emperor Akbar to guard the Indus crossing
Bahawalpur,Food,Mushtaq Sohan Halwa,Traditional walnut-based sweet treat
Bahawalpur,Historical,Abbasi Mosque,Elegant marble mosque located near Derawar Fort
Bahawalpur,Historical,Derawar Fort,Massive fortress in the heart of the Cholistan Desert
Bahawalpur,Historical,Noor Mahal,19th-century Italianate-style palace of the Nawabs
Bahawalpur,Historical,Sadiq Garh Palace,Opulent palace set in white marble and large gardens
Bahawalpur,Nature,Lal Suhanra National Park,Large safari park and biosphere reserve
Bannu,Food,Bannu Pulao,Famous beef rice dish known for its oily and spicy texture
Bannu,Historical,Akra Mound,Ancient archaeological site from the Bronze age
Chakwal,Food,Pehlwan Rewari,Traditional sesame seed brittle sweet
Chakwal,Nature,Katas Raj Temples,Ancient Hindu temple complex and sacred pond
Chakwal,Nature,Kallar Kahar,Salt Range lake famous for peacocks and gardens
Chakwal,Nature,Swaik Lake,Hidden waterfall and lake with turquoise water
Chilas,Food,Dried Fruits,Locally harvested walnuts and almonds
Chilas,Historical,Rock Carvings,Ancient petroglyphs along the Karakoram Highway
Chitral,Cultural,Kalash Valleys,Home to the unique Kalash people and their vibrant culture
Chitral,Food,Ghalmandi,Traditional crepes layered with cottage cheese and butter
Chitral,Historical,Chitral Fort,Historical seat of the Mehtar of Chitral
Chitral,Nature,Chitral Gol National Park,Protected area for Markhors and Himalayan ibex
Chitral,Nature,Shandur Pass,Highest polo ground in the world
Dera Ghazi Khan,Food,Sohan Halwa,The local version of the sticky nutty sweet
Dera Ghazi Khan,Nature,Fort Munro,Hill station in the Sulaiman Range of Punjab
Dera Ismail Khan,Food,Dhaka Cham-Cham,Famous syrup-soaked traditional sweet
Dera Ismail Khan,Historical,Kafir Kot,Ancient ruins of Hindu temples overlooking the Indus
Faisalabad,Cultural,Chenab Club,Colonial-era social club with beautiful lawns
Faisalabad,Food,Chaman Ice Cream,Classic dairy treat popular in the textile hub
Faisalabad,Food,Samosa Chaat,Famous street food from the Clock Tower area
Faisalabad,Historical,Clock Tower,British-era landmark at the center of eight markets
Faisalabad,Nature,Gatwala Wildlife Park,Botanical garden and breeding center
Gilgit,Adventure,Rakaposhi Base Camp,Challenging trek with views of the massive Rakaposhi peak
Gilgit,Food,Chapshuro,The Gilgiti version of a pizza filled with spicy meat
Gilgit,Nature,Bagrot Valley,Scenic valley offering glimpses of local life and peaks
Gilgit,Nature,Danyore Suspension Bridge,Thrilling bridge connecting to a rock-cut Buddha
Gilgit,Nature,Kargah Buddha,Ancient rock-cut Buddha carving from the 7th century
Gilgit,Nature,Naltar Valley,Stunning valley known for its multi-colored lakes
Gujranwala,Cultural,Wrestling Stadium,Historical hub for Pehlawani (traditional wrestling)
Gujranwala,Food,Chirwi Karahi,Famous small-bird karahi (sparrows) specific to this city
Gujranwala,Food,Pehlwan Tikka,Hearty BBQ chicken tikka known for its size
Gujrat,Food,Gujrat ki Barfi,Traditional milk-based sweet dessert
Gujrat,Historical,Rohtas Gate,Gateway to the historical routes of the Salt Range
Gwadar,Food,Gwadar Halwa,The iconic translucent sweet of the port city
Gwadar,Food,Stuffed Lobster,Fresh Arabian Sea seafood prepared with local spices
Gwadar,Nature,Astola Island,Pristine uninhabited island popular for eco-tourism
Gwadar,Nature,Hammerhead,Rock formation offering views of the Arabian Sea and port
Gwadar,Nature,Ormara Beach,Untouched coastal area with golden sand
Gwadar,Nature,Pishukan,Scenic fishing village with turquoise waters
Hingol,Food,Travelers Sajji,Balochi style meat preparation for pilgrims
Hingol,Historical,Hinglaj Mata Temple,Important Hindu pilgrimage site in a natural cave
Hingol,Nature,Princess of Hope,Natural rock formation in Hingol National Park
Hunza,Adventure,Hussaini Suspension Bridge,Famous rope bridge known as one of the worlds most dangerous
Hunza,Food,Apricot Cake,Famous local dessert made with organic Hunza apricots
Hunza,Food,Dowdo,A comforting noodle soup made with local wheat
Hunza,Historical,Altit Fort,800-year-old fort with views of the Hunza River
Hunza,Historical,Baltit Fort,Ancient Tibetan-influenced fort overlooking Karimabad
Hunza,Nature,Attabad Lake,Vibrant blue lake formed after a massive landslide
Hunza,Nature,Eagles Nest,Viewpoint offering sunsets over the Karakoram peaks
Hunza,Nature,Passu Cones,Iconic jagged peaks along the Karakoram Highway
Hunza,Nature,Shimshal Valley,Remote and rugged valley perfect for mountaineering
Hyderabad,Food,Bombay Bakery,Famous for its century-old coffee and chocolate cake recipes
Hyderabad,Nature,Rani Bagh,One of the oldest parks and zoos in Sindh
Hyderabad,Nature,Sindh Museum,Cultural museum highlighting the history of Sindh
Islamabad,Cultural,Lok Virsa Museum,Heritage museum showcasing the traditional culture of Pakistan
Islamabad,Food,Kabul Restaurant,Famous Afghan Tikka and Pulao in Jinnah Super
Islamabad,Food,Monal Restaurant,Famous for its diverse Pakistani platter with a mountain view
Islamabad,Historical,Faisal Mosque,Iconic contemporary mosque with stunning architecture
Islamabad,Historical,Pakistan Monument,National monument representing the four provinces
Islamabad,Nature,Daman-e-Koh,Hilltop garden offering birds-eye view of the capital
Islamabad,Nature,Margalla Hills,Extensive hiking trails and panoramic city views
Islamabad,Nature,Rawal Lake,Large reservoir offering boating and bird watching
Islamabad,Nature,Saidpur Village,Centuries-old heritage village at the foot of Margallas
Islamabad,Nature,Shah Allah Ditta Caves,Ancient Buddhist caves dating back 2400 years
Jhelum,Food,River Fish BBQ,Grilled fish from the Jhelum river banks
Jhelum,Historical,Mangla Dam,Worlds seventh-largest dam and water sport venue
Jhelum,Historical,Rohtas Fort,16th-century fortress built by Sher Shah Suri
Karachi,Cultural,Port Grand,Waterfront food and entertainment complex
Karachi,Food,Burns Road,The historic food street famous for Waheed ki Nihari
Karachi,Food,Javed Nihari,Famous slow-cooked beef stew known for its spice and texture
Karachi,Food,Kolachi,Seaside dining known for its Peshawari Karahi and BBQ
Karachi,Food,Zameer Ansari,Famous for its specialized BBQ items like Dhaga Kebab
Karachi,Historical,Empress Market,Colonial-era market located in the heart of the city
Karachi,Historical,Frere Hall,British colonial building housing a library and art gallery
Karachi,Historical,Mohatta Palace,Grand summer home built in the Rajasthan style
Karachi,Historical,Quaid-e-Azam Mausoleum,The final resting place of Pakistans founder
Karachi,Nature,Charna Island,Popular spot for scuba diving and snorkeling
Karachi,Nature,Clifton Beach,Popular urban beach on the Arabian Sea
Karachi,Nature,French Beach,Exclusive rocky beach popular for surfing and jet skiing
Karachi,Nature,Hawkes Bay,Pristine beach known for clear blue water
Karachi,Nature,Turtle Beach,Nesting ground for Green Sea Turtles
Karak,Food,Karak Chai,Extremely strong tea popular along the highways
Karak,Nature,Karak Salt Mines,Region known for its unique pink salt deposits
Kasur,Food,Kasuri Andrassay,Traditional sweet snacks made from rice flour
Kasur,Food,Kasuri Fish,The most famous fried fish in the Punjab region
Kasur,Historical,Shrine of Baba Bulleh Shah,Shrine of the legendary Punjabi Sufi poet
Khairpur,Food,Dates,Known for high-quality Dhakki and Aseel dates
Khairpur,Historical,Faiz Mahal,Stunning 18th-century palace of the Talpur rulers
Khairpur,Historical,Kot Diji Fort,Pre-Harappan archaeological site and massive fort
Khunjerab,Adventure,Khunjerab Pass,Highest paved international border crossing in the world
Khunjerab,Food,Yak Meat Burger,Unique mountain delicacy found near the China border
Lahore,Cultural,Data Darbar,Ancient Sufi shrine and religious center
Lahore,Cultural,Walled City,Ancient narrow streets filled with food and heritage
Lahore,Cultural,Wazir Khan Mosque,Stunning mosque known for its intricate tile work
Lahore,Food,Butt Karahi,Famous desi ghee chicken karahi from Lakshmi Chowk
Lahore,Food,Fiqay ki Lassi,Traditional heavy yogurt drink from the Walled City
Lahore,Food,Phadda Siri Paye,Iconic breakfast dish of goat trotters in a rich gravy
Lahore,Historical,Anarkali Bazaar,One of the oldest surviving markets in South Asia
Lahore,Historical,Badshahi Mosque,Massive 17th-century mosque built by Emperor Aurangzeb
Lahore,Historical,Lahore Fort,UNESCO World Heritage site representing Mughal grandeur
Lahore,Historical,Minar-e-Pakistan,Monument where the Pakistan Resolution was passed
Lahore,Historical,Shalimar Gardens,Persian-style gardens built by Emperor Shah Jahan
Lahore,Nature,Jallo Park,Wildlife and recreational park with a botanical garden
Lahore,Nature,Lawrence Gardens,Historical botanical garden and park
Larkana,Food,Sindhi Biryani,Spicy rice dish unique to the interior Sindh region
Larkana,Historical,Mohenjo-daro,Ruins of the ancient Indus Valley Civilization
Mansehra,Food,Mansehra Kebabs,Long spicy beef kebabs grilled over charcoal
Mansehra,Historical,Asoka Rocks,Ancient rock edicts of the Mauryan Emperor Asoka
Mardan,Food,Mardan Badayuda,Traditional sweet pedas made from condensed milk
Mardan,Historical,Jamal Garhi,Ancient ruins of a Buddhist monastery
Mardan,Historical,Takht-i-Bahi,UNESCO listed 1st-century Buddhist monastic complex
Multan,Cultural,Hussain Agahi Bazaar,Historical market famous for pottery and embroidery
Multan,Food,Hafiz Sohan Halwa,The most famous traditional solid sweet of the city
Multan,Food,Multani Chaat,Spicy and tangy chickpea snack from the old city
Multan,Historical,Fort Kohna,Remains of an ancient fort with spiritual shrines
Multan,Historical,Shrine of Bahauddin Zakariya,Ancient tomb of the influential Sufi saint
Multan,Historical,Shrine of Shah Rukn-e-Alam,Masterpiece of Tughluq architecture and spirituality
Multan,Historical,Tomb of Shah Gardez,Geometric tile-decorated shrine of a Persian saint
Muzaffarabad,Adventure,Pir Chinasi,9500ft peak offering paragliding and trekking
Muzaffarabad,Food,Goshtaba,Traditional Kashmiri meatballs cooked in yogurt gravy
Muzaffarabad,Food,Kashmir Banas,Traditional bakery items and Kashmiri tea
Muzaffarabad,Historical,Red Fort,16th-century fort with views of the Neelum River
Muzaffarabad,Nature,Neelum River,Famous for its blue-green water and trout fishing
Muzaffarabad,Nature,Shaheed Gali,Scenic forest spot ideal for hiking and photography
Naran,Food,Kaghan Trout,Fresh mountain trout available at river-side kiosks
Naran,Nature,Ansoo Lake,Tear-shaped high altitude lake reachable via tough trek
Naran,Nature,Babusar Top,Mountain pass at 13000ft connecting Kaghan to Chilas
Naran,Nature,Lulusar Lake,Largest lake in the Kaghan Valley with mirror-like water
Naran,Nature,Saif-ul-Malook Lake,High-altitude lake famous for the legend of the Prince and Fairy
Nathia Gali,Food,Patakha Chicken,Extra spicy whole chicken roast famous in the hills
Nathia Gali,Nature,Miranjani,The highest peak in the Galyat region for trekking
Nathia Gali,Nature,Mushkpuri Top,Meadow peak offering views of the Jhelum river
Nathia Gali,Nature,Pipeline Track,Scenic walking trail through the pine forests
Nowshera,Food,Kabab Tikka,Pashtun style BBQ available along the GT road
Nowshera,Historical,Cherat,Colonial hill station and military base
Peshawar,Cultural,Peshawar Museum,Renowned for its collection of Gandhara art
Peshawar,Food,Chapli Kebab,Minced meat patties with pomegranate seeds and spices
Peshawar,Food,Namak Mandi,Famous for Charsi Tikka and Dum Pukht (slow-cooked meat)
Peshawar,Historical,Bala Hissar Fort,Historic fortress offering views of the Peshawar valley
Peshawar,Historical,Khyber Pass,Legendary mountain pass connecting Pakistan and Afghanistan
Peshawar,Historical,Qissa Khwani Bazaar,Historical market known as the Street of Storytellers
Peshawar,Historical,Sethis House,Architectural marvel of the 19th-century merchant class
Quetta,Food,Khaddi Kebab,Whole lamb cooked inside an underground fire pit
Quetta,Food,Lehri Sajji,Traditional Balochi roasted whole lamb served with rice
Quetta,Historical,Quetta Museum,Showcasing the history and culture of Balochistan
Quetta,Nature,Hanna Lake,Picturesque lake surrounded by rugged mountains
Quetta,Nature,Hazarganji Chiltan National Park,Home to rare Markhor and diverse flora
Quetta,Nature,Pishin Valley,Fertile valley known for fruit orchards and landscape
Sahiwal,Food,Dairy Products,Famous for pure buffalo milk and traditional sweets
Sahiwal,Historical,Harappa,Archaeological site of the Indus Valley Civilization
Sargodha,Food,Kinnow Juice,Fresh juice from the citrus capital of Pakistan
Sargodha,Nature,Kirana Hills,Isolated mountain range offering trekking and views
Sheikhupura,Food,Mughlai Karahi,Rich chicken curry inspired by the Hiran Minar heritage
Sheikhupura,Historical,Hiran Minar,Mughal monument built for a beloved pet deer
Sialkot,Food,Sialkoti Pulao,Aromatic rice dish often served with shami kebabs
Sialkot,Historical,Iqbal Manzil,Birthplace of Pakistans national poet Allama Iqbal
Sialkot,Historical,Marala Headworks,Engineering project and scenic picnic spot on the Chenab
Sialkot,Historical,Sialkot Fort,One of the oldest forts in Pakistan standing since the 2nd century
Skardu,Adventure,Basho Valley,Picturesque valley offering off-roading and camping
Skardu,Adventure,K2 Base Camp,Gateway to the world second-highest mountain
Skardu,Adventure,Katpana Desert,High-altitude cold desert for jeep safaris
Skardu,Food,Balti Soup,Hearty thick soup made with handmade noodles and meat
Skardu,Food,Mamtu,Local dumplings filled with minced meat and onions
Skardu,Historical,Kharpocho Fort,16th-century fort perched on a cliff above the city
Skardu,Historical,Shigar Fort,A restored 17th-century palace-fort in Baltistan
Skardu,Nature,Deosai National Park,High-altitude plateau known as Land of Giants
Skardu,Nature,Lower Kachura Lake,Known as Shangrila iconic heart-shaped lake
Skardu,Nature,Upper Kachura Lake,Crystal clear water surrounded by mountains
Sukkur,Food,Lassi,Renowned for its thick and creamy traditional yogurt drink
Sukkur,Historical,Lansdowne Bridge,19th-century cantilever bridge over the Indus
Sukkur,Historical,Masoom Shah Jo Minaro,Leaning minaret from the 16th century
Sukkur,Historical,Sukkur Barrage,Engineering marvel with 66 gates on the Indus River
Swat,Food,Trout Fish,Fresh river trout fried with local herbs in Kalam
Swat,Historical,Butkara Stupa,Important Buddhist site dating back to the 2nd century BC
Swat,Nature,Gabina Jabba,High meadow known for its medicinal plants and views
Swat,Nature,Kalam Valley,Lush valley known for its forests and waterfall
Swat,Nature,Mahodand Lake,Glacier-fed lake known for fishing and boating
Swat,Nature,Malam Jabba,Premier ski resort and hill station in Pakistan
Swat,Nature,Ushu Forest,Dense pine forest known for its scenic beauty
Taxila,Food,Stuffed Parathas,Popular roadside breakfast for travelers visiting ruins
Taxila,Historical,Dharmarajika Stupa,Oldest Buddhist monument in the Taxila region
Taxila,Historical,Jaulian,Ancient Buddhist monastery and university ruins
Taxila,Historical,Taxila Museum,Houses artifacts from the Gandhara civilization
Tharparkar,Food,Thari Ker-Sangri,Traditional desert vegetable curry made from dried beans
Tharparkar,Historical,Gori Temple,Ancient Jain temple with intricate murals
Tharparkar,Historical,Umerkot Fort,Fort famous as the birthplace of Mughal Emperor Akbar
Tharparkar,Nature,Nagarparkar,Desert landscape featuring the Karoonjhar Mountains
Thatta,Food,Keenjhar Fish,Freshwater fish catch from the Keenjhar lake
Thatta,Historical,Makli Necropolis,One of the largest funerary sites in the world
Thatta,Historical,Shah Jahan Mosque,Intricate tile-work mosque commissioned by the Mughal Emperor
Thatta,Nature,Keenjhar Lake,Second largest freshwater lake in Pakistan
Wah,Food,Garden Fruits,Fresh produce from the local Mughal-era orchards
Wah,Nature,Wah Gardens,Mughal garden known for its flowing springs
Ziarat,Food,Juniper Honey,Organic honey harvested from the ancient juniper forests
Ziarat,Historical,Ziarat Residency,Summer residence where Quaid-e-Azam spent his last days
Ziarat,Nature,Juniper Forest,One of the oldest and largest juniper forests in the world